S.no,Date,Req_ID,Req Source,Skill,Location,Job Description,App Data,SM,BP Email,BP contact,IP/Tier1,End Client,Utilization Status,Total RC,Qualified,Req Status,Comment
1,08/03/26,W32030826-PP,LinkedIn,"SailPoint Developer","Piscataway, NJ","SailPoint Developer
Location:53 Knights Bridge Rd, Suite 277
Piscataway, NJ 08854

Job Title:
SailPoint Developer
Job Duties:
Develop enterprise IAM applications using Java, JavaScript, SailPoint IdentityIQ (IIQ), Oracle, and PL/SQL.
Design and implement IAM solutions for user provisioning, de-provisioning, authentication, and authorization.
Onboard enterprise applications into the SailPoint IIQ platform and integrate them with provisioning plans.
Collaborate with business and application teams to onboard applications into the identity governance platform for access certifications.
Develop workflows for approval, notification, and provisioning across connected and disconnected systems.
Perform application testing, validation, troubleshooting, and technical documentation.
Document solution designs and develop software components following established development standards.
Coordinate software installation, deployment, and implementation activities.
Work under supervision while supporting enterprise IAM initiatives.
Travel and/or relocate to unanticipated client sites throughout the United States as required.

Education:
Master&#39;s degree in Computer Science, Information Technology, Business, Mathematics, Engineering, or a closely related field with 6 months of relevant experience, OR
Bachelor&#39;s degree in Computer Science, Information Technology, Business, Mathematics, Engineering, or a related field with 5 years of progressive experience in a related IT role.
Experience:
Minimum 6 months of hands-on experience with SailPoint IdentityIQ (IIQ).
Experience in Identity and Access Management (IAM) development and application integration.
Willingness to travel and/or relocate to client sites throughout the United States.
Domestic travel may be required up to 100%, depending on project and client requirements. International travel is not required.

Required Skills:
SailPoint IdentityIQ (IIQ)
Java
JavaScript
Oracle Database
PL/SQL
Identity &amp; Access Management (IAM)
User Provisioning &amp; De-provisioning
Authentication &amp; Authorization
Workflow Development
Access Certification
Application Integration
Software Testing
Technical Documentation
","Tarun has applied Sonam  through abc@anangersinc.com and did 1 RC, 0 Sub.
Tarun has applied Nileema  through abc@anangersinc.com and did 1 RC, 0 Sub.
",Tarun,abc@anangersinc.com,,,,Utilized,2,"Not Qualified","In process",
2,08/03/26,W32030826-PP,Posting,"Java Developer","O'Fallon, MO","Title: &ensp;&ensp;&ensp;&ensp;&ensp;&ensp;&ensp;&ensp;&ensp;&ensp;&ensp;&ensp;&ensp;&ensp;&ensp;&ensp;&ensp;&ensp;&ensp;&ensp;&ensp;&ensp;&ensp;&ensp;&ensp;&ensp;&ensp;&ensp;Java Backend Developer

Location: &ensp;&ensp;&ensp;&ensp;&ensp;&ensp;&ensp;&ensp;&ensp;&ensp;&ensp;&ensp;&ensp;&ensp;&ensp;&ensp;&ensp;&ensp;&ensp;&ensp;&ensp;&ensp;&ensp;&ensp;O&#39;Fallon, MO

Duration: &ensp;&ensp;&ensp;&ensp;&ensp;&ensp;&ensp;&ensp;&ensp;&ensp;&ensp;&ensp;&ensp;&ensp;&ensp;&ensp;&ensp;&ensp;&ensp;&ensp;&ensp;&ensp;&ensp;&ensp;6+ month contract

VISA: &ensp;&ensp;&ensp;&ensp;&ensp;&ensp;&ensp;&ensp;&ensp;&ensp;&ensp;&ensp;&ensp;&ensp;&ensp;&ensp;&ensp;&ensp;&ensp;&ensp;&ensp;&ensp;&ensp;&ensp;&ensp;&ensp;&ensp;USC/EAD H4/EAD L2/H1B

Interview: &ensp;&ensp;&ensp;&ensp;&ensp;&ensp;&ensp;&ensp;&ensp;&ensp;&ensp;&ensp;&ensp;&ensp;&ensp;&ensp;&ensp;&ensp;&ensp;&ensp;&ensp;&ensp;&ensp;Phone and Video

Client: &ensp;&ensp;&ensp;&ensp;&ensp;&ensp;&ensp;&ensp;&ensp;&ensp;&ensp;&ensp;&ensp;&ensp;&ensp;&ensp;&ensp;&ensp;&ensp;&ensp;&ensp;&ensp;&ensp;&ensp;&ensp;&ensp;TechM

Rate: &ensp;&ensp;&ensp;&ensp;&ensp;&ensp;&ensp;&ensp;&ensp;&ensp;&ensp;&ensp;&ensp;&ensp;&ensp;&ensp;&ensp;&ensp;&ensp;&ensp;&ensp;&ensp;&ensp;&ensp;&ensp;&ensp;&ensp;$45/hr CTC


Skills: Java 8



Job Summary:

We are seeking a skilled Software Developer with a strong background in Java, Spring Boot, Microservices, and Kafka. The ideal candidate will have a minimum of 5 years of experience in software development, with a proven track record of delivering high quality applications. This role requires a deep understanding of testing frameworks and cloud platforms such as PCF or Azure. The candidate must possess strong Java 8 skills, as this is a deal breaker for the position.



Responsibilities:

  Design, develop, and maintain scalable software applications using Java, Spring Boot, and Microservices architecture.

  Collaborate with cross functional teams to define, design, and ship new features.

  Implement user interfaces using Angular JS, ensuring a seamless user experience.

  Write unit and integration tests to ensure code quality and reliability.

  Participate in code reviews and provide constructive feedback to peers.

  Utilize cloud platforms (PCF/Azure) for application deployment and management.

  Stay updated with emerging technologies and industry trends to enhance development processes.



Mandatory Skills:

  Strong proficiency in Java 8.

  Experience with Spring Boot and Microservices architecture.

  Proficient in Angular JS for front end development.

  Familiarity with testing frameworks (JUnit, Mockito, etc.).

  Experience with cloud platforms, specifically PCF or Azure.



Preferred Skills:

  Knowledge of containerization technologies (Docker, Kubernetes).

  Experience with Agile methodologies and DevOps practices.

  Familiarity with RESTful APIs and web services.

  Understanding of database technologies (SQL, NoSQL).

  Excellent problem-solving skills and attention to detail.



Qualifications:

  Bachelor&rsquo;s degree in computer science, Information Technology, or a related field.

  5 7 years of professional experience in software development.

  Strong communication skills and ability to work collaboratively in a team environment.

  Proven ability to manage multiple tasks and meet deadlines.
","Tarun has applied Sanjog  through manzoor.khan@blackrockgrps.com and did 0 RC, 0 Sub.
",Tarun,manzoor.khan@blackrockgrps.com,,,,Unutilized,0,"Not Qualified","No Number","Tarun: Not connected at 2026-08-03 17:31:36
"
3,08/03/26,W32030826-PP,Posting,"Java Developer","Chicago, IL (Remote)","Position: Java Backend developer

Location: Chicago, IL (Remote)



&ldquo;PLEASE SHARE PROFILES&rdquo; (WITH DL and LinkedIn Profile Link)


","Tarun has applied Abhishek through khaja@conq-tech.com and did 0 RC, 0 Sub.
",Tarun,khaja@conq-tech.com,3024030872,,,Unutilized,0,"Not Qualified","Not Connected","Tarun: Not connected at 2026-08-03 17:31:29
"
4,08/03/26,W32030826-PP,Posting,"Java Developer","Richfield, MN Onsite","It is located in Richfield, MN

Tell us about your department:
.
The Retail Media Network (RMN) is responsible for enabling advertisers to promote products across our digital ecosystem, including web and mobile platforms. RMN drives monetization by delivering sponsored ads, managing campaign performance, optimizing targeting, and ensuring accurate reporting and billing. The department works cross-functionally with Ads, Payments, Analytics, and Platform teams to provide a seamless advertiser experience.

Project Description:
The Billing team within RMN owns the end-to-end billing lifecycle for sponsored campaigns. This includes:
&bull;Budget management and allocation
&bull;Spend tracking and reconciliation
&bull;revenue calculations
&bull;Invoice generation and adjustments
&bull;Integration with Payments and Finance systems
&bull;Real-time and near-real-time spend reporting
The team ensures financial accuracy, transparency, and scalability of the billing platform while supporting high-volume ad delivery.

Position Summary/Job Description:

In this role, they will be a critical member of the team building the foundation for Best Buy&#39;s next generation web platform. They will support and extend running applications &amp; assist in the design and development of new applications. They will be expected to evaluate and refactor in a rapid manner for every part of our infrastructure. Overall knowledge of designing an application to run on a scalable platform is expected. You will be working in an agile environment which means test-driven development and pair programming. We are evolving towards a dev/ops model, with our development teams engaged in monitoring, optimizing and supporting our production environments. We have many projects running in parallel including Cloud technologies, Infrastructure automation, and SOA REST based web applications.
Responsibilities:
&bull; Developing Java/Spring web applications
&bull; Aggressive refactoring
&bull; High comfort level with Unix/Linux command line
&bull; Object Oriented Programming and Service Oriented Architecture design

Skills Overview:

&bull; 7-10 years of relevant application software development experience
&bull; Test-Driven Development
&bull; Strong Spring knowledge
&bull; Developing Spring/Java/Groovy/Maven applications
&bull; Experience in developing/consuming REST Services &ndash; Absolute Must
&bull; Object-oriented programming and experience with working knowledge of Design Patterns
&bull; Experience with emergent design and paired programming
&bull; High comfort level with Unix/Linux command line
&bull; Strong unit-testing skills (Junit/Spock in particular)
&bull; Comfortable with database (DB) and Kafka-related development, including design, implementation, troubleshooting, and performance optimization.
&bull; Experience with large-scale distributed systems and client-server architectures
&bull; Able to participate in the planning process: take high level design discussions and create user stories, then further break those stories into tasks.

","Tarun has applied Abhishek through ankur.sharma@talentemail.com and did 0 RC, 0 Sub.
",Tarun,ankur.sharma@talentemail.com,9524177785,,"Best Buy",Unutilized,0,"Not Qualified",Rejected,"Tarun: Need local candidate only at 2026-08-03 17:31:21
"
5,08/03/26,W32030826-PP,Posting,"Data Engineer","New york City, NY/ Pittsburgh, PA – Hybrid","Position: Data Engineer

Location: New york City, NY/ Pittsburgh, PA &ndash; Hybrid (3 days onsite &ndash; 2 days remote)

Long Term Contract





Primary Skills: Python, SQL Server, Snowflake, Power BI

Nice to have: CI/CD, GitHub Workflows and Cloud Platform (preferred Azure)



We are seeking a highly skilled Full Stack Data Engineer to join our team. This role focuses on designing, developing, and supporting modern data solutions across a cloud-based data stack. The ideal candidate is highly self-motivated, resourceful, and capable of building scalable data pipelines, frameworks, and full stack data applications leveraging Snowflake, Python, SQL, and modern DevOps practices.



Key responsibilities

  Develop and maintain scalable ELT pipelines and data workflows
  Design and implement data models and warehouse structures
  Build full stack data applications and backend services
  Develop Snowflake-based data solutions within cloud environments
  Write high-quality Python and SQL code
  Implement automated testing frameworks
  Develop reusable data engineering frameworks
  Build and maintain CI/CD pipelines using GitHub
  Create reporting and visualization solutions (e.g., Power BI)
  Monitor and resolve production issues ensuring data reliability
  Experience with automated testing and framework development



Key Competencies

  Dagster orchestration
  dbt transformations
  Gurobi optimization solver
  Elementary data validation
  Retool development
  GoAnywhere MFT
  Power BI and DAX
  Azure services (ADF, Synapse, Key Vault)
  Snowflake ML/AI or R
  SQL Server, SSIS, SSRS
  Financial services domain experience
  Agile methodologies
  Highly self-motivated with strong ownership
  Extreme personal initiative
  Ability to work independently and in teams
  Highly resourceful problem solver
  Strong communication and analytical skills
  Ability to manage priorities in fast-paced environments


","Tarun has applied Sagar  through ramdas@arthurgrand.com and did 0 RC, 0 Sub.
",Tarun,ramdas@arthurgrand.com,,,,Unutilized,0,"Not Qualified",Rejected,"Tarun: Need local, F2F interview at 2026-08-03 17:30:53
"
6,08/03/26,W32030826-PP,Inbox,"SailPoint Developer","San Francisco, CA onsite","Job Title: Senior SailPoint Developer

Location : San Francisco, CA onsite

Job Type: Contract

Client: TCS

Job Description:

The Senior SailPoint Developer will be responsible for designing, developing, and maintaining identity governance solutions using SailPoint IdentityIQ (IIQ). This role involves implementing complex integrations, automating identity lifecycle management, and ensuring compliance with security and audit standards. The candidate will collaborate with architects, operations, and application teams to deliver scalable IAM solutions.

Key Responsibilities:

&bull; Design, develop, and deploy SailPoint IdentityIQ components, including workflows, rules, forms, and reports.

&bull; Implement and maintain joiner&ndash;mover&ndash;leaver (JML) processes.

&bull; Develop and customize connectors for integration with enterprise systems (e.g., AD, Azure AD, SAP, ServiceNow, Workday).

&bull; Build and enforce access certifications, SoD policies, and role-based access controls (RBAC).

&bull; Troubleshoot provisioning, aggregation, and synchronization issues across integrated systems.

&bull; Collaborate with application owners to onboard new applications into IIQ.

&bull; Support patching, upgrades, and performance optimization of IIQ environments.

&bull; Conduct code reviews, ensure adherence to best practices, and mentor junior developers.

&bull; Work with IAM architects to translate business requirements into technical designs.

&bull; Maintain documentation of solution design, workflows, and integrations.

Required Skills &amp; Experience

&bull; Strong hands-on experience with SailPoint IdentityIQ (v7.x or v8.x).

&bull; Proficiency in Java, Beanshell scripting, XML, and SQL.

&bull; Solid understanding of Identity Governance concepts &mdash; provisioning, aggregation, role management, policy enforcement, and certifications.

&bull; Experience with directory services (Active Directory, LDAP) and cloud platforms (Azure, AWS).

&bull; Knowledge of REST/SOAP APIs and integration patterns.

&bull; Experience in debugging, performance tuning, and error handling within IIQ.

&bull; Familiarity with CI/CD pipelines and DevOps practices for IAM code deployment.

&bull; Excellent analytical, communication, and documentation skills.

Preferred Qualifications:

&bull; SailPoint Certified IdentityIQ Engineer / Developer certification.

&bull; Experience with IdentityNow or hybrid IAM environments.

&bull; Exposure to security frameworks such as NIST, ISO 27001, or SOX.

&bull; Experience working in Agile or DevSecOps delivery models.

Soft Skills:

&bull; Strong problem-solving and analytical skills.

&bull; Ability to work independently and in cross-functional teams.

&bull; Commitment to delivering high-quality, secure, and scalable solutions.

&bull; Mentoring mindset for junior engineers and developers.
","Tarun has applied Ashok  through shivam.yadav@q1tech.com and did 0 RC, 0 Sub.
",Tarun,shivam.yadav@q1tech.com,,,TCS,Unutilized,0,"Not Qualified",Rejected,"Tarun: H1B candidate  only at 2026-08-03 17:30:27
"
7,08/03/26,W32030826-PP,"Google Groups","Java Developer","Phoenix AZ Onsite","ob Title: Java Developer

Work Location &amp; Reporting Address: 18850 N 56th St, Phoenix, Az 85054 ( Hybrid )

Visa: H1B, H4, L2EAD


Must Have Skills and JD
Design, develop, and maintain scalable Java-based applications
Write clean, efficient, and well-documented code
Participate in the full software development lifecycle (SDLC)
Collaborate with cross-functional teams (QA, DevOps, Product)
Troubleshoot and resolve technical issues and bugs
Optimize application performance and ensure security compliance
Develop and consume RESTful APIs and microservices
Conduct code reviews and mentor junior developers

Strong proficiency in Java (Java 8 or above)
Experience with Spring / Spring Boot / Hibernate
Good understanding of OOP concepts, design patterns, and data structures

Experience working with REST APIs and web services
Knowledge of databases such as MySQL, PostgreSQL, or Oracle
","Tarun has applied Abhishek through moumita.dey@nityo.com and did 0 RC, 0 Sub.
",Tarun,moumita.dey@nityo.com,,,,Unutilized,0,"Not Qualified","Not Connected","Tarun: Not connected at 2026-08-03 17:30:11
"
8,08/03/26,W32030826-PP,"Google Groups","DevOps Engineer",Remote,"Position: Senior DevOps Engineer
Location: Remote
Duration: 6+ Months Contract
Pay rate: $55/hr on C2C max

Job Description:  
Senior DevOps Engineer
&quot;Cloud &amp; Infrastructure
AWS (mandatory): ECS, EKS, Lambda, RDS, IAM, CloudFormation, CloudWatch Hybrid infrastructure experience with on‑prem VM, bare‑metal, and internal networking platforms
CI/CD &amp; Platform Engineering
GitHub Enterprise &amp; GitHub Actions (workflow design, reusable templates, runners, environments) CI/CD orchestration across hybrid AWS and on‑prem topologies Artifact versioning, promotion, and immutability strategies
Containers &amp; Orchestration
Docker image design, optimization, and security hardening Kubernetes (EKS + on‑prem) deployment patterns, scaling, and lifecycle management
Testing, Analysis &amp; Release Safety
Automated testing frameworks for unit, integration, regression, and performance Static and dynamic analysis tools (code quality, security, dependency scanning) Feature flag management platforms (or equivalent internal capability)
Database &amp; Data Management
Hands‑on expertise with Oracle and Microsoft SQL Server (mandatory) Schema migration tooling and automated rollback strategies Data masking, anonymization, and controlled refresh automation
Observability &amp; Reliability Engineering
Metrics, logging, and tracing using Prometheus, Splunk, New Relic, Grafana, CloudWatch, OpenTelemetry, and ELK SLO‑driven alerting and deployment health evaluation (Uptrends &amp; PagerDuty) Automated rollback and failure containment mechanisms
Security &amp; Secrets Management
Secrets management using HashiCorp Vault, AWS Secrets Manager, or equivalent Secure pipeline design with controlled credential access Compliance‑ready logging, approvals, and traceability&quot;
&ldquo;CI/CD Platform &amp; Environment Strategy
Design, implement, and operate a standardized CI/CD framework supporting Dev, QA, PartnerLab, Staging, and Production environments Define promotion workflows with enforced quality gates and artifact immutability Establish PartnerLab as a dedicated integration and validation environment with no direct promotion path to Production Enable environment parity across AWS and on‑premises systems
Progressive Delivery &amp; Release Engineering Implement feature flags, canary deployments, blue‑green strategies, and phased rollouts Enable automated rollback based on health checks, error rates, and SLO breaches Support release traceability from commit through production deployment
Test Automation &amp; Quality Engineering
Integrate unit, integration, regression, security, and performance testing into CI/CD pipelines Enforce automated quality gates prior to environment promotion Support manual validation workflows with controlled access, observability, and test artifacts
Database &amp; Data Automation
Automate database schema versioning, migrations, rollbacks, and validation Implement lower‑environment refresh pipelines sourced from production data Enforce data masking and PII anonymization for all non‑production environments Validate data integrity and consistency post‑refresh
Observability, Reliability &amp; Operations
Define and enforce observability standards across logs, metrics, and traces Implement service health dashboards, alerting, and incident signals Integrate deployment health into automated release decisions Support on‑call readiness, incident response, and post‑incident learning
Security, Governance &amp; Compliance
Embed security scanning, secrets management, and access controls into pipelines Enforce least‑privilege IAM, credential rotation, and artifact integrity verification Align CI/CD workflows with enterprise change management and audit requirements&quot;
&quot;AWS / Hybrid Infra / AWS Terraform / Github /Github action / Docker / Kubernetes DBA experience and worked on liquibase implementation.

Skills: AWS DevOps and Automation
Experience Required: 8-10
","Tanuja has applied Bhakta  through jyothi.s@itechus.net and did 0 RC, 0 Sub.
",Tanuja,jyothi.s@itechus.net,,,,Unutilized,0,"Not Qualified","Not Connected","Tanuja: Not Connected at 2026-08-03 17:46:49
Tanuja: Not Connected at 2026-08-03 17:53:00
"
9,08/03/26,W32030826-PP,Posting,"Java Developer","Phoenix, AZ","Job Title: Java Developer
Location: Phoenix, AZ 85054 (Hybrid)
Duration: 6 Months
Experience: 5+ Years

Job Summary
We are looking for an experienced Java Developer to design, develop, and maintain scalable Java applications. The ideal candidate should have strong experience with Java, Spring Boot, REST APIs, and databases, along with excellent problem-solving and client communication skills.

Required Skills
Strong experience with Java (Java 8 or above)
Experience with Spring Framework, Spring Boot, and Hibernate
Hands-on experience developing RESTful APIs and Microservices
Good knowledge of OOP concepts, Design Patterns, and Data Structures
Experience with MySQL, PostgreSQL, or Oracle
Familiarity with Agile/Scrum development methodology
Strong debugging and troubleshooting skills
Good communication and client interaction skills

Responsibilities
Design, develop, test, and maintain Java-based applications.
Build and enhance REST APIs and Microservices.
Participate in all phases of the Software Development Lifecycle (SDLC).
Collaborate with Product Owners, QA, DevOps, and business teams.
Troubleshoot and resolve application issues.
Optimize application performance and ensure code quality.
Conduct code reviews and mentor junior developers.
Work directly with the client to understand and deliver business requirements.
","Tanuja has applied Sanjog  through manisharma@eteaminc.com and did 0 RC, 0 Sub.
Tanuja has applied Manish  through manisharma@eteaminc.com and did 0 RC, 0 Sub.
",Tanuja,manisharma@eteaminc.com,,,,Unutilized,0,"Not Qualified",Rejected,"Tanuja: Need local consultants at 2026-08-03 17:47:07
Tanuja: Need local consultants at 2026-08-03 17:53:20
"
10,08/03/26,W32030826-PP,"Google Groups","SailPoint Developer","San Francisco, CA","Role: Senior SailPoint (IdentityIQ) Developer
Location: San Francisco, CA - onsite
Duration: 6+ months

The Senior SailPoint Developer will be responsible for designing, developing, and maintaining identity governance solutions using SailPoint IdentityIQ (IIQ). This role involves implementing complex integrations, automating identity lifecycle management, and ensuring compliance with security and audit standards. The candidate will collaborate with architects, operations, and application teams to deliver scalable IAM solutions.

Key Responsibilities
&bull; Design, develop, and deploy SailPoint IdentityIQ components, including workflows, rules, forms, and reports.
&bull; Implement and maintain joiner&ndash;mover&ndash;leaver (JML) processes.
&bull; Develop and customize connectors for integration with enterprise systems (e.g., AD, Azure AD, SAP, ServiceNow, Workday).
&bull; Build and enforce access certifications, SoD policies, and role-based access controls (RBAC).
&bull; Troubleshoot provisioning, aggregation, and synchronization issues across integrated systems.
&bull; Collaborate with application owners to onboard new applications into IIQ.
&bull; Support patching, upgrades, and performance optimization of IIQ environments.
&bull; Conduct code reviews, ensure adherence to best practices, and mentor junior developers.
&bull; Work with IAM architects to translate business requirements into technical designs.
&bull; Maintain documentation of solution design, workflows, and integrations.

Required Skills &amp; Experience
&bull; Strong hands-on experience with SailPoint IdentityIQ (v7.x or v8.x).
&bull; Proficiency in Java, Beanshell scripting, XML, and SQL.
&bull; Solid understanding of Identity Governance concepts &mdash; provisioning, aggregation, role management, policy enforcement, and certifications.
&bull; Experience with directory services (Active Directory, LDAP) and cloud platforms (Azure, AWS).
&bull; Knowledge of REST/SOAP APIs and integration patterns.
&bull; Experience in debugging, performance tuning, and error handling within IIQ.
&bull; Familiarity with CI/CD pipelines and DevOps practices for IAM code deployment.
&bull; Excellent analytical, communication, and documentation skills.

Preferred Qualifications
&bull; SailPoint Certified IdentityIQ Engineer / Developer certification.
&bull; Experience with IdentityNow or hybrid IAM environments.
&bull; Exposure to security frameworks such as NIST, ISO 27001, or SOX.
&bull; Experience working in Agile or DevSecOps delivery models.

Soft Skills
&bull; Strong problem-solving and analytical skills.
&bull; Ability to work independently and in cross-functional teams.
&bull; Commitment to delivering high-quality, secure, and scalable solutions.
&bull; Mentoring mindset for junior engineers and developers.

","Tanuja has applied Sneh  through rajinikanth@smartfolksinc.com and did 0 RC, 0 Sub.
",Tanuja,rajinikanth@smartfolksinc.com,,,,Unutilized,0,"Not Qualified","Not Connected","Tanuja: Not Connected at 2026-08-03 17:47:25
Tanuja: Not Connected at 2026-08-03 17:52:49
"
11,08/03/26,W32030826-PP,Posting,"SailPoint Developer","San Francisco, CA","Role: Senior SailPoint (IdentityIQ) Developer
Location: San Francisco, CA - onsite
Duration: 6+ months

The Senior SailPoint Developer will be responsible for designing, developing, and maintaining identity governance solutions using SailPoint IdentityIQ (IIQ). This role involves implementing complex integrations, automating identity lifecycle management, and ensuring compliance with security and audit standards. The candidate will collaborate with architects, operations, and application teams to deliver scalable IAM solutions.

Key Responsibilities
&bull; Design, develop, and deploy SailPoint IdentityIQ components, including workflows, rules, forms, and reports.
&bull; Implement and maintain joiner&ndash;mover&ndash;leaver (JML) processes.
&bull; Develop and customize connectors for integration with enterprise systems (e.g., AD, Azure AD, SAP, ServiceNow, Workday).
&bull; Build and enforce access certifications, SoD policies, and role-based access controls (RBAC).
&bull; Troubleshoot provisioning, aggregation, and synchronization issues across integrated systems.
&bull; Collaborate with application owners to onboard new applications into IIQ.
&bull; Support patching, upgrades, and performance optimization of IIQ environments.
&bull; Conduct code reviews, ensure adherence to best practices, and mentor junior developers.
&bull; Work with IAM architects to translate business requirements into technical designs.
&bull; Maintain documentation of solution design, workflows, and integrations.

Required Skills &amp; Experience
&bull; Strong hands-on experience with SailPoint IdentityIQ (v7.x or v8.x).
&bull; Proficiency in Java, Beanshell scripting, XML, and SQL.
&bull; Solid understanding of Identity Governance concepts &mdash; provisioning, aggregation, role management, policy enforcement, and certifications.
&bull; Experience with directory services (Active Directory, LDAP) and cloud platforms (Azure, AWS).
&bull; Knowledge of REST/SOAP APIs and integration patterns.
&bull; Experience in debugging, performance tuning, and error handling within IIQ.
&bull; Familiarity with CI/CD pipelines and DevOps practices for IAM code deployment.
&bull; Excellent analytical, communication, and documentation skills.

Preferred Qualifications
&bull; SailPoint Certified IdentityIQ Engineer / Developer certification.
&bull; Experience with IdentityNow or hybrid IAM environments.
&bull; Exposure to security frameworks such as NIST, ISO 27001, or SOX.
&bull; Experience working in Agile or DevSecOps delivery models.

Soft Skills
&bull; Strong problem-solving and analytical skills.
&bull; Ability to work independently and in cross-functional teams.
&bull; Commitment to delivering high-quality, secure, and scalable solutions.
&bull; Mentoring mindset for junior engineers and developers.

","Tanuja has applied Ritip  through kundan@quantumworldit.com and did 0 RC, 0 Sub.
Tanuja has applied Sneh  through kundan@quantumworldit.com and did 0 RC, 0 Sub.
",Tanuja,kundan@quantumworldit.com,,,,Unutilized,0,"Not Qualified",Rejected,"Tanuja: Need H1B consultants at 2026-08-03 17:47:42
Tanuja: Need H1B consultants at 2026-08-03 17:53:38
"
12,08/03/26,W32030826-PP,Posting,"Java Developer","Chicago, IL","Java Full Stack Developer &ndash; Angular &amp; Production Support
Location: Chicago, IL
Work Mode: Hybrid
Employment Type: Contract
Experience: 8+ Years

Job Description
We are seeking an experienced Java Full Stack Developer with strong expertise in Java, Spring Boot, Microservices, Angular, and Production Support. The ideal candidate should have hands-on experience developing and maintaining enterprise applications while supporting production environments, troubleshooting critical issues, and ensuring application stability and performance.

Required Skills
8+ years of experience in Java Full Stack Development
Strong hands-on experience with Core Java, Java 8/11/17, J2EE, Spring Framework, and Spring Boot
Strong experience developing Microservices and RESTful APIs
Hands-on experience with Angular, TypeScript, JavaScript, HTML, and CSS
Experience developing responsive and reusable frontend components
Strong knowledge of SQL and relational databases such as Oracle, SQL Server, or PostgreSQL
Experience with Hibernate, JPA, and ORM frameworks
Strong experience providing L2/L3 Production Support
Experience troubleshooting production incidents and performing root-cause analysis
Ability to analyze application logs, API failures, database issues, and system performance
Experience with monitoring and logging tools such as Splunk, Dynatrace, AppDynamics, ELK, or similar tools
Knowledge of incident, problem, change, and release management processes
Experience with Git, Maven, Jenkins, CI/CD pipelines, and automated deployments
Knowledge of AWS or Azure is preferred
Experience working in Agile/Scrum environments
Strong communication, analytical, and problem-solving skills

Key Responsibilities
Design, develop, test, and maintain scalable full-stack applications using Java, Spring Boot, Microservices, and Angular
Develop and enhance backend services, REST APIs, and frontend user interfaces
Provide L2/L3 production support for critical enterprise applications
Monitor application health and investigate production incidents
Troubleshoot application, API, database, and integration issues
Perform root-cause analysis and implement permanent solutions for recurring production issues
Support application releases, deployments, change requests, and post-production validation
Collaborate with development, QA, DevOps, infrastructure, database, and business teams
Participate in on-call support rotations when required
Improve application performance, reliability, scalability, and operational stability
Participate in code reviews and follow established coding standards and best practices
Maintain technical documentation, support procedures, and knowledge-base articles
Work effectively in a Hybrid Agile/Scrum environment

Additional Requirements
Candidate must be willing to work in a Hybrid model in Chicago, IL
Strong Angular and Production Support experience is mandatory
Candidates with strong communication and client-facing skills are preferred
","Tanuja has applied Abhishek through ritik@brightsol.ai and did 0 RC, 0 Sub.
Tanuja has applied Bibek  through ritik@brightsol.ai and did 0 RC, 0 Sub.
",Tanuja,ritik@brightsol.ai,,,,Unutilized,0,"Not Qualified","Not Connected","Tanuja: Not Connected at 2026-08-03 17:48:02
Tanuja: Not Connected at 2026-08-03 17:52:36
"
13,08/03/26,W32030826-PP,"Google Groups","Data Engineer","Malvern, PA (Hybrid)","Data Engineer &ndash; Databricks
Location: Malvern, PA (Hybrid)
Employment Type: TORC Assessment



Job Description
AWS shop Mainly. Data engineer with AWS , AWS Glue, S3, etc etc.... But also an expert in Databricks

We are seeking experienced Data Engineers with strong Databricks expertise to join our client&#39;s data engineering team. The ideal candidate will have hands-on experience designing, developing, and maintaining scalable data solutions using modern cloud technologies. This role involves building robust data pipelines, optimizing data processing workloads, and collaborating with cross-functional teams to deliver high-quality data products.



Key Responsibilities

  Design, develop, and maintain scalable data pipelines using Databricks and Apache Spark.
  Build and optimize ETL/ELT workflows to support enterprise data integration and analytics.
  Develop data processing applications using Python, PySpark, and SQL.
  Implement Delta Lake solutions and optimize data storage for performance and reliability.
  Collaborate with data architects, business analysts, and application teams to understand business requirements and deliver data solutions.
  Monitor, troubleshoot, and optimize data pipelines to ensure high availability and performance.
  Apply data governance, security, and best practices throughout the data lifecycle.
  Participate in code reviews, testing, deployment, and production support.
  Work within Agile teams to deliver high-quality solutions on schedule.



Required Skills

  Strong hands-on experience with Databricks (mandatory).
  Proficiency in Python, PySpark, and SQL.
  Experience with Apache Spark and distributed data processing.
  Strong experience building and maintaining ETL/ELT pipelines.
  Experience working with Delta Lake and modern data lake architectures.
  Familiarity with cloud platforms such as AWS, Azure, or GCP.
  Understanding of data modeling, data warehousing, and performance optimization.
  Experience with Git, CI/CD pipelines, and Agile development methodologies.
  Excellent analytical, problem-solving, and communication skills.



Preferred Qualifications

  Experience with streaming data technologies such as Kafka or Spark Streaming.
  Knowledge of data governance and security best practices.
  Experience working in large-scale enterprise data environments.
  Relevant cloud or Databricks certifications are a plus.
","Tarun has applied Pralad  through rakhi@hexgs.com and did 0 RC, 0 Sub.
",Tarun,rakhi@hexgs.com,,,,Unutilized,0,"Not Qualified","Not Connected","Tarun: Not connected at 2026-08-03 17:30:01
"
14,08/03/26,W32030826-PP,Inbox,"Java Developer","Mountain View, CA","Java Backend Developer
Mountain View CA Onsite
Contract role:
Required Skills
&middot; 7+ years of experience in backend software development.

&middot; Strong expertise in Java (17/21), Spring Boot, Spring Cloud, Microservices, and REST APIs.

&middot; Hands-on experience with AWS and cloud-native application development.

&middot; Experience with Kafka, PostgreSQL/SQL databases, Docker, Kubernetes, and CI/CD pipelines.

&middot; Strong understanding of distributed systems, scalability, and performance optimization.

Domain Experience (Mandatory)
&middot; Hands-on experience in the Banking or FinTech domain is required.

&middot; Experience building platforms related to payments, lending, digital banking, merchant services, or financial transactions is highly preferred.

&middot; Exposure to Risk Management, Fraud Detection, KYC/KYB, or Payment Processing is a plus.

Responsibilities
&middot; Design, develop, and maintain scalable backend services using Java and Spring Boot.

&middot; Build cloud-native applications on AWS.

&middot; Develop secure, high-performance microservices and REST APIs.

&middot; Collaborate with cross-functional teams to deliver enterprise-scale financial solutions.

&middot; Participate in architecture discussions, code reviews, and Agile development.

Preferred Skills

&middot; Experience with Agentic AI/GenAI technologies is a plus
","Prakash has applied Abhishek through akhilesh91@kk-talents.com and did 0 RC, 0 Sub.
",Prakash,akhilesh91@kk-talents.com,,,,Unutilized,0,"Not Qualified","Not Connected","Prakash: Not Connected at 2026-08-03 10:59:05
"
15,08/03/26,W32030826-PP,Posting,".Net Developer",Remote,"6+ month contract to hire.

Remote or 1-2 days a week onsite Newtown Square if local enough

Client-AmeriHealth



Our client is looking to hire a Senior .NET/SQL Developer for their team. Join a growing healthcare technology team where your expertise in C# .NET, SQL Server, and healthcare will directly impact critical business operations and regulatory initiatives. This is an opportunity to work on complex enterprise applications, large-scale healthcare data solutions, and ACA/CMS reporting processes while collaborating with a highly skilled team. If you enjoy solving challenging technical problems, mentoring others, and building scalable solutions in a mission-driven environment, we&#39;d love to hear from you.

Position Description

  Design, develop, test, and support C# .NET applications, Windows services, and SQL Server solutions.
  Develop and optimize SQL Server stored procedures, functions, triggers, and ETL processes.
  Collaborate with business analysts, project managers, and stakeholders to define and deliver technical solutions.
  Participate in technical design, code reviews, and system architecture discussions.
  Troubleshoot and resolve complex application, database, and integration issues.
  Develop and execute unit, integration, and performance testing plans.
  Create and maintain technical and operational documentation.
  Provide production support, project estimates, and mentor junior team members.

Required Skills

  Experience building applications and services using C# .NET.
  5+ years of professional software development experience.
  Strong experience with Microsoft SQL Server development, including stored procedures, functions, and triggers.
  Hands-on experience with Git, GitHub, GitLab, or similar version control platforms.
  Experience with CI/CD tools and deployment processes.
  Understanding of Agile and/or Waterfall development methodologies.
  Strong knowledge of software design, testing, troubleshooting, and support.
  Healthcare experience a must

Bonus Skills

  SSIS a bonus
  ETL development experience.
  Experience with AI-assisted coding tools.
  Experience with enterprise job scheduling platforms.
  Knowledge of CMS EDGE Server submissions and ACA Risk Adjustment processes.
  Experience with ACA Exchange encounter data and encounter management platforms such as Trizetto EDM.
  Familiarity with Medicaid, Medicare, and ACA reporting requirements.
  Knowledge of NCPDP pharmacy transactions.
  Experience with payer platforms such as Facets, QNXT, HealthRules, or similar systems.

Understanding of risk adjustment programs and the encounter submission lifecycle

","Tarun has applied Kundan  through ankit.uniyal@cloudthinktech.com and did 0 RC, 0 Sub.
",Tarun,ankit.uniyal@cloudthinktech.com,9045583131,,,Unutilized,0,"Not Qualified","No Number","Tarun: Not connected at 2026-08-03 17:29:54
"
16,08/03/26,W32030826-PP,Posting,"Java Developer",Remote,"
Title: .Net Lead Developer

Location:100% Remote

Duration: 12+ Months

Job Description:

We are seeking a Java Full Stack Engineer to design, develop, and support modern enterprise applications using Java Microservices, Angular, Node.js, and cloud-native technologies. The ideal candidate will have strong experience building secure, scalable applications, integrating authentication and authorization frameworks, and delivering solutions in cloud and containerized environments.

This role requires expertise across both frontend and backend development, with a strong focus on API development, identity management, and microservices architecture.

Your Impact
Design, develop, and maintain full-stack applications using Java, Angular, and Node.js.
Build and support scalable Java Microservices using Spring Boot.
Develop responsive and user-friendly applications using Angular 17+.
Implement secure authentication and authorization solutions leveraging OAuth2, OIDC, and Spring Security.
Design, build, and integrate RESTful APIs.
Configure and consume APIs using Postman or Insomnia.
Collaborate with architects, product owners, and engineering teams to deliver high-quality software solutions.
Deploy and support cloud-native applications in Azure and other cloud environments.
Participate in CI/CD, code reviews, troubleshooting, and production support.
Ensure application performance, scalability, security, and reliability through industry best practices

Backend Development- Strong hands-on experience with:
Java
Java Microservices
Spring Boot
Spring Security
Maven
Node.js

Frontend Development- Experience building modern web applications using:
Angular 17+
Strong understanding of REST API integration.

Security &amp; Identity Management- Hands-on experience with:
OAuth2
OpenID Connect (OIDC)
Experience implementing secure authentication and authorization solutions.

DevOps &amp; Cloud- Experience with:
GitHub
Kubernetes
Azure (preferred) or other cloud platforms (AWS/GCP)

API Development &amp; Testing- Experience using:
Postman or Insomnia
Strong knowledge of RESTful service development and API testing.
","Tarun has applied Shiva through abhishek@acetechnologies.com and did 0 RC, 0 Sub.
",Tarun,abhishek@acetechnologies.com,,,Optum,Unutilized,0,"Not Qualified",Rejected,"Tarun: F2F interview, Submission went on hold at 2026-08-03 17:29:48
"
17,08/03/26,W32030826-PP,"Google Groups","Data Engineer","Irving, TX","Role :: AI/ML Engineer (Min 10+ year exp required)

Location :: Irving, TX

Duration :: contract 

Need H1b

Desired Competencies (Technical/Behavioral Competency)

Must-Have     &bull; Programming languages: Python (proficient) with major ML libraries

&bull; Experience with opensource Gen AI LLMs e.g., Llama and Dolly

&bull; Machine learning, NLP &amp; deep learning: Strong understanding of supervised and unsupervised learning, neural networks, transformers

&bull; Generative AI techniques: Experience with GANs, text-to-image generation, text generation models

&bull; Data wrangling &amp; manipulation: SQL, data cleaning, feature engineering

&bull; Hyperscalers : AWS, Azure, or GCP experience a plus

Good-to-Have    &bull;     On prem and cloud development projects with CI/CD Experience
","Prakash has applied Pralad  through sushil.k@eniacsys.com and did 0 RC, 0 Sub.
",Prakash,sushil.k@eniacsys.com,,,,Unutilized,0,"Not Qualified","Not Connected","Prakash: Not Connected at 2026-08-03 11:24:19
"
18,08/03/26,W32030826-PP,"Google Groups","Java Developer",Remote,"Java Full Stack Engineer

Location: Remote, but interviews or laptop pickup must occur at one of the following locations: San Francisco, Arlington, VA, Denver, CO, Chicago, Boston, NYC, Houston, Miami, Los Angeles, Seattle, Dallas, Minneapolis, Minn, Birmingham, MI or Irvine, CA



Must have old Linkedin profile



Backend Development
Strong hands-on experience with:
Java
Java Microservices
Spring Boot
Spring Security
Maven
Node.js



Frontend Development
Experience building modern web applications using:
Angular 17+
Strong understanding of REST API integration.



Security &amp; Identity Management
Hands-on experience with:
OAuth2
OpenID Connect (OIDC)
Experience implementing secure authentication and authorization solutions.


DevOps &amp; Cloud
Experience with:
GitHub
Kubernetes
Azure (preferred) or other cloud platforms (AWS/GCP)


API Development &amp; Testing
Experience using:
Postman or Insomnia
Strong knowledge of RESTful service development and API testing.



We are seeking a Java Full Stack Engineer to design, develop, and support modern enterprise applications using Java Microservices, Angular, Node.js, and cloud-native technologies. The ideal candidate will have strong experience building secure, scalable applications, integrating authentication and authorization frameworks, and delivering solutions in cloud and containerized environments.

This role requires expertise across both frontend and backend development, with a strong focus on API development, identity management, and microservices architecture.

Your Impact

Design, develop, and maintain full-stack applications using Java, Angular, and Node.js.
Build and support scalable Java Microservices using Spring Boot.
Develop responsive and user-friendly applications using Angular 17+.
Implement secure authentication and authorization solutions leveraging OAuth2, OIDC, and Spring Security.
Design, build, and integrate RESTful APIs.
Configure and consume APIs using Postman or Insomnia.
Collaborate with architects, product owners, and engineering teams to deliver high-quality software solutions.
Deploy and support cloud-native applications in Azure and other cloud environments.
Participate in CI/CD, code reviews, troubleshooting, and production support.
Ensure application performance, scalability, security, and reliability through industry best practices
","Prakash has applied Manish  through amit@acetechnologies.com and did 0 RC, 0 Sub.
",Prakash,amit@acetechnologies.com,,,,Unutilized,0,"Not Qualified","Not Connected","Prakash: Not Connected at 2026-08-03 12:03:08
"
19,08/03/26,W32030826-PP,"Google Groups","Java Developer","Columbus, OH","Job Title : Java AI Developer

Primary Skill : Java, Application Design, Spring

Rate: $60/hr on C2C

Location: Columbus, OH





Job Description :



Experience : 8+ yrs



  Strong Application Development work experience using Java/J2EE in AWS cloud environment - Agile environment preferred Solid application design, coding, testing, maintenance and debugging skills.
  Experience with Junit and Cucumber testing.
  Experience with APM Monitoring tools and logging tools like Splunk Proficiency with JIRA, Confluence (preferred).
  AWS solution implementation hands on experience is mandatory.
  Subject matter expert having experience of interacting with client, understanding the requirement and guiding the team.
  Documenting the requirements clearly with defined scope and must play a anchor role in setting the right expectations and delivering as per the schedule.
  Experience using AI-assisted development tools such as GitHub Copilot, Cursor, Claude Code or Amazon Q
  Understanding of Retrieval Augmented Generation (RAG), embeddings, Vector databases and semantic search.
  Knowledge of AI security, prompt engineering, hallucination mitigation and responsible AI practices.

","Tarun has applied Abhishek through peda@cymasys.com and did 0 RC, 0 Sub.
",Tarun,peda@cymasys.com,,,,Unutilized,0,"Not Qualified","Not Connected","Tarun: Not connected at 2026-08-03 17:29:19
"
20,08/03/26,W32030826-PP,Prohires,"Java Developer","New York, NY (Onsite)","Hiring: Java Full Stack Engineer | New York, NY (Onsite)
We have an exciting opportunity for an experienced Java Full Stack Engineer to join a leading client in New York, NY.
???? Location: New York, NY (Onsite)
???? Job Type: Contract
Job Responsibilities:
Design and develop scalable enterprise applications.
Build and maintain robust backend services and REST APIs.
Develop responsive, high-performance frontend applications.
Participate in system design and architecture discussions.
Work with cloud-based solutions and support production environments.
Implement AI-driven workflow automation and modern application solutions.
Collaborate with cross-functional teams in an Agile environment to deliver high-quality software.
If you&#39;re interested and available, please share your updated resume along with your contact details for further processing.
","Tarun has applied Abhishek through vinodhini@sightspectrum.com and did 0 RC, 0 Sub.
",Tarun,vinodhini@sightspectrum.com,7622664755,,,Unutilized,0,"Not Qualified","Not Connected","Tarun: Not connected at 2026-08-03 17:29:13
"
21,08/03/26,W32030826-PP,"Google Groups","SailPoint Developer","San Francisco, CA","Job Tittle: Senior SailPoint Developer

Location: San Francisco, CA (Day 1- Onsite)

Duration: Duration: 6+ months



Job Description:
The Senior SailPoint Developer will be responsible for designing, developing, and maintaining identity governance solutions using SailPoint IdentityIQ (IIQ). This role involves implementing complex integrations, automating identity lifecycle management, and ensuring compliance with security and audit standards. The candidate will collaborate with architects, operations, and application teams to deliver scalable IAM solutions.



Key Responsibilities

&bull; Design, develop, and deploy SailPoint IdentityIQ components, including workflows, rules, forms, and reports.

&bull; Implement and maintain joiner&ndash;mover&ndash;leaver (JML) processes.

&bull; Develop and customize connectors for integration with enterprise systems (e.g., AD, Azure AD, SAP, ServiceNow, Workday).

&bull; Build and enforce access certifications, SoD policies, and role-based access controls (RBAC).

&bull; Troubleshoot provisioning, aggregation, and synchronization issues across integrated systems.

&bull; Collaborate with application owners to onboard new applications into IIQ.

&bull; Support patching, upgrades, and performance optimization of IIQ environments.

&bull; Conduct code reviews, ensure adherence to best practices, and mentor junior developers.

&bull; Work with IAM architects to translate business requirements into technical designs.

&bull; Maintain documentation of solution design, workflows, and integrations.



Required Skills &amp; Experience

&bull; Strong hands-on experience with SailPoint IdentityIQ (v7.x or v8.x).

&bull; Proficiency in Java, Beanshell scripting, XML, and SQL.

&bull; Solid understanding of Identity Governance concepts &mdash; provisioning, aggregation, role management, policy enforcement, and certifications.

&bull; Experience with directory services (Active Directory, LDAP) and cloud platforms (Azure, AWS).

&bull; Knowledge of REST/SOAP APIs and integration patterns.

&bull; Experience in debugging, performance tuning, and error handling within IIQ.

&bull; Familiarity with CI/CD pipelines and DevOps practices for IAM code deployment.

&bull; Excellent analytical, communication, and documentation skills.





Preferred Qualifications

&bull; SailPoint Certified IdentityIQ Engineer / Developer certification.

&bull; Experience with IdentityNow or hybrid IAM environments.

&bull; Exposure to security frameworks such as NIST, ISO 27001, or SOX.

&bull; Experience working in Agile or DevSecOps delivery models.





Soft Skills

&bull; Strong problem-solving and analytical skills.

&bull; Ability to work independently and in cross-functional teams.

&bull; Commitment to delivering high-quality, secure, and scalable solutions.

&bull; Mentoring mindset for junior engineers and developers.
","Prakash has applied Ashok  through sajjad.ali@scalable-systems.com and did 0 RC, 0 Sub.
",Prakash,sajjad.ali@scalable-systems.com,,,TCS,Unutilized,0,"Not Qualified",Rejected,"Prakash: Only H1b required at 2026-08-03 13:12:39
"
22,08/03/26,W32030826-PP,Inbox,"SailPoint Developer",Remote,"Role: IAM Governance Operations and User Access Review (UAR) Program Management.

Remote

Rate: $60/hr on C2C

Please focus on candidates with the following experience:
User Access Reviews (UAR) and Access Certification Programs
Access Governance and Compliance Operations
SOX, Audit, Controls, Risk, and Compliance support
Developing SOPs, procedures, training materials, and process documentation
Conducting business training sessions and stakeholder communications
Working with application owners, auditors, and business users
Tracking, reporting, validation, and evidence collection for access reviews
Reviewing access removal evidence and ensuring audit readiness
Managing manual access review processes (spreadsheets, workflows, reporting templates, etc.)
Experience executing and managing access reviews for applications not onboarded to SailPoint
Profiles that are NOT a fit:
SailPoint Developers/Engineers
IAM Architects
SSO/MFA Engineers
Ping/Okta Federation Specialists
CIAM Engineers
Candidates whose experience is primarily implementation, development, coding, connector development, or tool administration
Important:
The client is looking for someone who can:

Identify existing tools/processes available within the organization
Develop operational processes around access reviews
Train business stakeholders
Monitor completion and compliance
Validate review results and remediation activities
Ensure the process stands up to audit scrutiny
","Prakash has applied Ashok  through ajit@quantumworldit.com and did 1 RC, 0 Sub.
Prakash has applied Parita  through ajit@quantumworldit.com and did 0 RC, 0 Sub.
",Prakash,ajit@quantumworldit.com,,,"Zensar Technologies",Utilized,1,"Not Qualified","In process",
23,08/03/26,W32030826-PP,"Google Groups","Java Developer",Remote,"Senior Node.js Developer &ndash; GCP/AWS

Duration: Long-Term Contract

Location: Remote &ndash; Nearshore / Europe Preferred

Work Hours: Must be able to support U.S. business hours through 3:00 PM ET

Exp: 10+ years

Location &amp; Working Hours

&bull; Remote position.

&bull; Candidates located in Canada, Mexico, Costa Rica, or Europe are preferred.

&bull; Candidates must be able to provide meaningful overlap with U.S. business hours and support through 3:00 PM ET.

&bull; Experience working with distributed global teams and multiple time zones is highly valued.

Ideal Candidate

The ideal candidate is a hands-on Senior Node.js Engineer who combines strong backend development skills with practical GCP cloud engineering and production support experience.

You should be comfortable moving between coding, cloud infrastructure, troubleshooting production issues, API integrations, incident management, and stakeholder communication.

Key Technologies: Node.js | JavaScript | TypeScript | GCP | Cloud Run | Pub/Sub | BigQuery | Cloud Storage | Secret Manager | Terraform | AWS | REST APIs | Microservices | SQL | NoSQL | CI/CD | Git

Position Overview

We are seeking an experienced Senior Node.js Developer with strong hands-on experience in Google Cloud Platform (GCP) and working knowledge of AWS to support, enhance, and operate a cloud-native Prospect Services platform.

The successful candidate will serve as a key technical point of contact for the platform, partnering with engineering, product, operations, and regional teams across North America, LATAM, APAC, and EMEA.

This is a hands-on role involving Node.js development, GCP cloud services, API/microservices development, production support, troubleshooting, and infrastructure automation.

Key Responsibilities

Application Development

&bull; Design, develop, and maintain scalable backend applications using Node.js and JavaScript/TypeScript.

&bull; Develop and support RESTful APIs and microservices.

&bull; Build secure, reliable, and high-performance cloud-native applications.

&bull; Participate in code reviews, technical design, and architecture discussions.

&bull; Develop enhancements and integrations for consumer acquisition, registration, and engagement capabilities.

GCP &amp; Cloud Engineering

&bull; Develop, deploy, and support applications on Google Cloud Platform (GCP).

&bull; Hands-on experience with:

o Cloud Run

o Pub/Sub

o Cloud Storage

o BigQuery

o Secret Manager

o Cloud Logging

o Cloud Monitoring

&bull; Work with AWS services and understand multi-cloud architectures.

&bull; Use Terraform / Infrastructure as Code (IaC) to provision and manage cloud infrastructure.

&bull; Collaborate with DevOps and platform teams on deployments, scalability, reliability, and security.

Production Support &amp; Platform Ownership

&bull; Act as a technical point of contact for the Prospect Services platform.

&bull; Provide L2/L3 production support for APIs, applications, integrations, and cloud infrastructure.

&bull; Troubleshoot production incidents, defects, performance issues, and integration problems.

&bull; Perform Root Cause Analysis (RCA) and implement corrective and preventive actions.

&bull; Support incident management and communicate technical status, impact, and resolution to stakeholders.

&bull; Maintain operational documentation, technical runbooks, and support processes.

Data &amp; Integration

&bull; Work with BigQuery for operational reporting, troubleshooting, and analytics.

&bull; Work with SQL and NoSQL databases.

&bull; Analyze application and consumer data to identify issues and trends.

&bull; Support integrations between Prospect Services and downstream applications and analytics platforms.

&bull; Experience with event-driven architectures and messaging systems is highly desirable.

Global Collaboration

&bull; Collaborate with technical and business teams across LATAM, APAC, EMEA, and North America.

&bull; Participate in technical discussions, incident resolution, and platform enhancement activities across multiple time zones.

&bull; Support high-volume consumer campaigns and critical business initiatives.

&bull; Communicate effectively with both technical and non-technical stakeholders.

Required Qualifications

&bull; Bachelor&#39;s degree in Computer Science, Engineering, Information Technology, or a related field.

&bull; 5+ years of professional experience with Node.js backend development.

&bull; Strong experience with JavaScript and/or TypeScript.

&bull; Strong experience developing REST APIs and microservices.

&bull; Hands-on experience with GCP.

&bull; Strong experience with:

o Cloud Run

o Pub/Sub

o Cloud Storage

o BigQuery

o Secret Manager

&bull; Experience with Terraform and Infrastructure as Code (IaC).

&bull; Working knowledge of AWS cloud services.

&bull; Experience supporting enterprise applications in production.

&bull; Strong troubleshooting and problem-solving skills.

&bull; Experience with CI/CD, Git, and modern software development practices.

&bull; Strong SQL and database knowledge, including SQL and/or NoSQL databases.

&bull; Excellent communication and stakeholder-management skills.

Preferred Qualifications

&bull; Experience with MarTech, CRM, consumer data, lead management, or customer acquisition platforms.

&bull; Experience with event-driven and distributed architectures.

&bull; Experience supporting large-scale, consumer-facing applications.

&bull; Knowledge of consumer identity, consent management, and privacy.

&bull; Experience working with globally distributed engineering and business teams.

&bull; Experience supporting high-volume campaigns or business-critical platforms.

&bull; Experience with observability, monitoring, and production reliability practices.
","Prakash has applied Shiva through dchalla@imgsystems.com and did 0 RC, 0 Sub.
",Prakash,dchalla@imgsystems.com,,,,Unutilized,0,"Not Qualified","Not Connected","Prakash: Not Connected at 2026-08-03 13:44:42
"
24,08/03/26,W32030826-PP,"Company Websites","SailPoint Developer","Illinois, Ohio, Kansas, Massachusetts, Indiana,","
Advanced Security Engineer (IAM)
Illinois, Ohio, Kansas, Massachusetts, Indiana,

Job Description and Requirements
Role Responsibilities
What are the core duties of this role?
Design, build, and operate internal IAM and cloud security services used across the organization
Write production‑quality software using modern engineering best practices
Automate security controls to reduce operational burden and technical debt
Partner with engineering teams to embed secure‑by‑default patterns into their workflows
Participate in on-call support, incident response, root‑cause analysis, and reliability improvements
Mentor engineers and advocate for pragmatic security improvement

Minimum qualifications:
Bachelor&#39;s in Computer Science, Information Security, or equivalent experience.
2+ years of commercial experience in software development (C#, Python, Java or other general-purpose modern programming language) with a solid understanding of computer science fundamentals, including algorithms and data structures.
Experience with cloud technologies (preferably Azure), DevSecOps practices, and automation tools (e.g., GitHub Actions).
Growth mindset and eagerness to learn across engineering and security domains.
Ability to take feedback and strive for continual improvement.

Preferred qualifications:
Experience securing cloud-native applications / SaaS solutions and networks.
Familiarity with vulnerability scanning and threat protection.

Relevant certifications:
Microsoft Certified: Azure Security Engineer Associate (AZ-500).
Microsoft Certified: Identity and Access Administrator Associate (SC-300).
Understanding Zero Trust security principles and their practical application.
Familiarity with regulatory compliance standards and frameworks (e.g., GDPR, HIPAA).
Exposure to other cloud platforms (AWS, GCP).

","Tarun has applied Nileema  through abc@relativity.com and did 1 RC, 0 Sub.
Tarun has applied Narayan  through abc@relativity.com and did 1 RC, 0 Sub.
Tarun has applied Sonam  through abc@relativity.com and did 1 RC, 0 Sub.
",Tarun,abc@relativity.com,,,,Utilized,3,"Not Qualified","In process",
25,08/03/26,W32030826-PP,"Company Websites","SailPoint Developer","Irving, TX Onsite","Security Engineer II
Irving, TX Onsite

Your Responsibilities on the Team
Systems Security:
Support enterprise IAM solutions that collectively deliver single sign-on (SSO), multifactor authentication (MFA), identity governance and administration, and privileged access management for all types of identities, including on-premises, hybrid, cloud-only, non-human (service accounts), and application-based credentials (API keys, tokens).
Engineer and operate IGA capabilities, including joiner‑mover‑leaver workflows, access request and approval, automated provisioning/de‑provisioning, and role‑based access control (RBAC/ABAC)
Implement and manage PAM platforms for privileged account onboarding, credential vaulting, password rotation, session monitoring/recording, and just‑in‑time (JIT) elevation.
Design and implement identity and access controls for AI agents ad non-human identities (service accounts, bots, APIs, workloads), including lifecycle management, secrets management, least-privilege roles, and monitoring of machine-to-machine access in alignment with Zero Trust principles.
Monitor identity and privileged access activities, analyze logs and alerts, and support incident response and forensic investigations related to compromised identities or misuse of privilege.
Support audit, compliance, and certification efforts by providing evidence, improving control design, and remediating findings related to IAM, IGA, and PAM.
Troubleshoot complex IAM/IGA/PAM issues, perform root cause analysis, and drive continuous improvement and modernization of identity platforms.
Collaborate with security architecture, infrastructure, application, and DevOps teams to embed identity security and Zero Trust principles in new solutions and strategic programs.
Document architectures, standards, runbooks, and knowledge articles, and provide guidance and training to operations and application teams on identity security best practices
Participate in Proof of Concepts and product evaluations of new and emerging Identity security services and technologies.
May provide mentorship and support to various junior security engineers and security operations team members.

Requirements
Education: Bachelor&rsquo;s degree required in Computer Science, Cybersecurity, Engineering, or related field.
Experience:
4-5 years of hands-on cybersecurity engineering experience with exposure to IAM.
4+ years of relevant work experience in security engineering, with a focus on concepts and technologies in Identity &amp; Access Management (IAM) like SailPoint, Delinea, CyberArk, Entra ID, Ping Identities
2+ years of relevant work experience with Identity and Access Management solutions, including the implementation and configuration of solutions for Single Sign-On (SSO), Multifactor Authentication (MFA), and various identity integration protocols (SAML, OIDC).
Experience building and maintaining SailPoint connectors, aggregation and provisioning jobs, roles/entitlements, and workflows for HR-driven JML processes.
Experience administering Microsoft Entra ID, including users, groups, roles, app registrations, and enterprise applications.
Working knowledge of solutions for Identity Governance and Administration, Privileged Access Management, and access control models such as RBAC, ABAC, PBAC, and FGAC
Certifications: Any Certified Information Systems Security Professional (CISSP), CompTIA Security+, Certified Identity and Access Manager (CIAM), or similar advanced cloud security certifications preferred.

Additional Skills, Knowledge, and Experience:
Working knowledge of cloud-based Identity Providers, access controls, and hybrid federated IAM architectures.
Experience in designing, configuring, and administering SailPoint Identity Security Cloud for identity lifecycle, access request, certifications, and policy/SoD controls.
Strong knowledge and experience with Microsoft Active Directory (AD) Domain Services, management of AD users and security groups, and security best practices for configuring AD infrastructure, policies, group policy objects.
Experience with implementing access control mechanisms, such as authentication policies, identity lifecycle management (provisioning, deprovisioning), and methods for authorization management.
Strong skills in developing visual design documentation (Visio, Lucid), oral presentation skills, problem solving / critical thinking, and decision-making skills.
Strong verbal and written communication skills.
Ability to facilitate productive meetings and work comfortably in a team-oriented environment.
","Tarun has applied Nileema  through abc@lennar.com and did 1 RC, 0 Sub.
",Tarun,abc@lennar.com,,,,Utilized,1,"Not Qualified","In process",
26,08/03/26,W32030826-PP,"Google Groups","Data Engineer",Remote,"Role : SSRS Developer



Location : Remote



Contract



Key Responsibilities



We are seeking an experienced SSRS professional to design, develop, optimize, migrate, and support enterprise reporting solutions. The role requires strong hands-on expertise in SQL Server Reporting Services, SQL development, report performance tuning, large PDF/paginated reporting, report migration, and enterprise reporting operations.

The ideal candidate should be able to work independently with business users, database teams, and application stakeholders to modernize legacy reports, troubleshoot complex performance issues, and deliver scalable reporting solutions.



Required Skills

Strong hands-on experience with SQL Server Reporting Services (SSRS).
Advanced SQL query writing and stored procedure development.
Experience with Report Builder, Visual Studio / SSDT, datasets, parameters, expressions, and report layouts.
Good understanding of shared data sources, shared datasets, embedded datasets, and report parameters.
Experience in report performance tuning and troubleshooting.
Ability to design large PDF/paginated reports with appropriate pagination and rendering considerations.
Understanding of SSRS security, subscriptions, deployment, and report server operations.
Strong communication skills to explain reporting architecture and technical decisions to stakeholders.
","Prakash has applied Nishit  through gaurav.pandey@quantumworldit.com and did 0 RC, 0 Sub.
",Prakash,gaurav.pandey@quantumworldit.com,8054636597,,,Unutilized,0,"Not Qualified","Not Connected","Prakash: Not Connected at 2026-08-03 14:16:23
"
27,08/03/26,W32030826-PP,"Google Groups","Business Analyst",Remote,"Role- Salesforce BA

Location- Remote

Duration-6 weeks Contract

10+Years of profile is consider

Financial or Banking domain experience is mandatory

Detailed JD:

  10-12+ years of Business Analyst experience with 5+ years of Salesforce expertise, including strong knowledge of Experience Cloud, Salesforce Data Model, Security &amp; Sharing, and Reporting &amp; Analytics.
  Proven experience in requirements gathering, stakeholder management, user story writing, backlog grooming, and workshop facilitation, working closely with business, technical, and integration teams.
  Strong understanding of Banking &amp; Financial Services domain, with experience engaging stakeholders across Sales, Service, Risk, Legal, Compliance, and Operations functions.
  Hands-on experience in data quality assessment, data governance, reporting/analytics, sharing &amp; visibility models, and scalable Salesforce solution design.
  Good knowledge of REST/SOAP APIs and enterprise integrations, with the ability to collaborate across multiple systems and translate business requirements into effective Salesforce solutions.

","Tarun has applied Pankaj  through rahul.pandey@quantumworldit.com and did 0 RC, 0 Sub.
",Tarun,rahul.pandey@quantumworldit.com,,,,Unutilized,0,"Not Qualified","No Number","Tarun: Not connected at 2026-08-03 17:29:07
"
